{
    "k": 0.444639017215929,
    "gamma": 1e-05,
    "T": 0.0006944444444444445,
    "BTCUSDT": {
        "k": 0.4499437377562377,
        "gamma": 9.999999999999999e-06,
        "T": 0.0006944444444444445
    },
    "ETHUSDT": {
        "k": 0.41550374741024554,
        "gamma": 9.999999999999999e-06,
        "T": 0.0006944444444444445
    }
}