{
    "k": 0.444639017215929,
    "gamma": 1e-05,
    "T": 0.0006944444444444445,
    "BTCUSDT": {
        "k": 0.34224481947163365,
        "gamma": 1e-05,
        "T": 0.0006944444444444445
    },
    "ETHUSDT": {
        "k": 0.450220915158754,
        "gamma": 1e-05,
        "T": 0.0006944444444444445
    }
}