{
    "k": 0.444639017215929,
    "gamma": 1e-05,
    "T": 0.0006944444444444445,
    "BTCUSDT": {
        "k": 0.38522548651022376,
        "gamma": 1e-05,
        "T": 0.0006944444444444445
    },
    "ETHUSDT": {
        "k": 0.4564267098023024,
        "gamma": 1e-05,
        "T": 0.0006944444444444445
    }
}