{
    "k": 0.444639017215929,
    "gamma": 1e-05,
    "T": 0.0006944444444444445
}