{
    "BTCUSDT": {
        "k": 0.4415917883262917,
        "gamma": 1e-05,
        "T": 0.0006944444444444445
    },
    "ETHUSDT": {
        "k": 0.3817354492956603,
        "gamma": 1e-05,
        "T": 0.0006944444444444445
    }
}