{
    "BTCUSDT": {
        "k": 0.4048191098598846,
        "gamma": 1e-05,
        "T": 0.0006944444444444445
    },
    "ETHUSDT": {
        "k": 0.3778843843951457,
        "gamma": 1e-05,
        "T": 0.0006944444444444445
    }
}