{
    "BTCUSDT": {
        "k": 0.4599040734714651,
        "gamma": 9.999999999999999e-06,
        "T": 0.0006944444444444445
    },
    "ETHUSDT": {
        "k": 0.4081613459271309,
        "gamma": 9.999999999999999e-06,
        "T": 0.0006944444444444445
    }
}