{
    "BTCUSDT": {
        "k": 0.4169894996403404,
        "gamma": 1e-05,
        "T": 0.0006944444444444445
    },
    "ETHUSDT": {
        "k": 0.45209625507677503,
        "gamma": 1e-05,
        "T": 0.0006944444444444445
    }
}