{
    "BTCUSDT": {
        "k": 0.41825648373195784,
        "gamma": 9.999999999999999e-06,
        "T": 0.0006944444444444445
    },
    "ETHUSDT": {
        "k": 0.46998412723863625,
        "gamma": 9.999999999999999e-06,
        "T": 0.0006944444444444445
    }
}