{
    "BTCUSDT": {
        "k": 0.40422955020422774,
        "gamma": 9.999999999999999e-06,
        "T": 0.0006944444444444445
    },
    "ETHUSDT": {
        "k": 0.404306842658435,
        "gamma": 9.999999999999999e-06,
        "T": 0.0006944444444444445
    }
}