{
    "BTCUSDT": {
        "k": 0.4003350950141782,
        "gamma": 1e-05,
        "T": 0.0006944444444444445
    },
    "ETHUSDT": {
        "k": 0.47107683158010816,
        "gamma": 1e-05,
        "T": 0.0006944444444444445
    }
}