{
    "BTCUSDT": {
        "k": 0.40127328169535803,
        "gamma": 9.999999999999999e-06,
        "T": 0.0006944444444444445
    },
    "ETHUSDT": {
        "k": 0.39829650573854586,
        "gamma": 9.999999999999999e-06,
        "T": 0.0006944444444444445
    }
}