{
    "BTCUSDT": {
        "k": 0.3869090254232076,
        "gamma": 1e-05,
        "T": 0.0006944444444444445
    },
    "ETHUSDT": {
        "k": 0.3725742708093713,
        "gamma": 1e-05,
        "T": 0.0006944444444444445
    }
}